{
  "intents": [
    {
      "tag": "greeting",
      "patterns": ["Hi", "Hey", "Hello", "Good morning"],
      "responses": ["Hello!", "Hi there!", "How can I assist you?"]
    },
    {
      "tag": "order_status",
      "patterns": ["Where is my order?", "Track my order", "Order status"],
      "responses": ["Please provide your order ID.", "Checking your order now..."]
    },
    {
      "tag": "refund",
      "patterns": ["I want a refund", "How to get refund?", "Refund my payment"],
      "responses": ["You can request a refund via your order page.", "Refunds are processed within 3-5 days."]
    },
    {
      "tag": "goodbye",
      "patterns": ["Bye", "See you", "Goodbye"],
      "responses": ["Goodbye!", "Take care!", "Thanks for chatting!"]
    }
  ]
}